,H,L,A
7quh,EVQLVESGGGLVQPGGSLRLSCAASGFSLTIYGAHWVRQAPGKGLEWVSVIWAGGSTNYNSALMSRFTISKDNSKNTVYLQMNSLRAEDTAVYYCARDGSSPYYYSMEYWGQGTTVTVSS,EIVLTQSPATLSLSPGERATLSCSATSSVSYMHWFQQKPGQAPRLLIYSTSNLASGIPARFSGSGSGTDFTLTISSLEPEDFAVYYCQQRSSYPFTFGPGTKLDIK,GDRQYGDGYLLQVQELVTVQEGLSVHVPCSFSYPQDGWTDSDPVHGYWFRAGDRPYQDAPVATNNPDREVQAETQGRFQLLGDIWSNDCSLSIRDARKRDKGSYFFRLERGSMKWSYKSQLNYKTKQLSVFVTAL
7st5,VQLVQSGAEVKKPGASVKVSCKASGYTFRGYGISWVRQAPGQGLEWMGWISAYGGETNYAQKLQGRVTMTTDTSTSTAYMELRSLRSDDTAVYYCAREAGSSWYDFDLWGRGTLVTVSS,DIQMTQSPSSVSASVGDRVTITCRASQGISSWLAWYQQKPGKAPKLLIYAASNLQSGVPSRFSGSGSGTDFTLTISSLQPEDFATYYCQQGASFPITFGGGTKVEIK,EELQVIQPDKSVETATLRCTATSLIPVGPIQWFRGAGPGRELIYNQKEGHFPRVTTVSDLTKRNNMDFSIRITPADAGTYYCVKFRKGSPDDVEFKSGAGTELS
7txw,QVQLQQSGAELVRPGASVTLSCKASGYTFTDYEMHWVKQTPVHGLEWIGAIDPETGGPAYNQKFKGKAILTTDKSSTTAYMELRSLTSEDSAVYYCARYYYVSSYWGQGTSVTVSS,DVVMTQTPLSLPVSLGDQASMSCRSSQSLVHSNGNTYLHWYLQKPGQSPKLLIYKVSKRFSGVPDRFSGSGSGTDFTLKISRVEAEDLGVYFCSQSTHVPYTFGGGTKLEMK,KVTVDTVCKRGFLIQMSGHLECKCENDLVLVNEETCEEKVLKCDEKTVNKPCGDFSKCIKIDGNPVSYACKCNLGYDMVNNVCIPN
7u8e,QVQLQESGPGLVKPSETLSLTCSVSGDSIGTYYWSWIRQSPEKGLEWIGYIHHSGKTNYNPSLKSRVTMSVDTSKNQFSLKLTSVTAADTAVYYCARSPIGYCSSTKCYIDKPFDSWGQGTLVTVSS,AVLTQPSSLSASPGASASLTCTLRGGINVVNQRLYWYQQKPGSPPRFLLKYKSDSDNFLGSGVPSRFSGSKDASANAGILLISEVQSEDEADYYCMMWHSSAYVFGGGTKLTVL,TNLCPFGEVFNATRFASVYAWNRKRISNCVADYSVLYNSASFSTFKCYGVSPTKLNDLCFTNVYADSFVIRGDEVRQIAPGQTGKIADYNYKLPDDFTGCVIAWNSNNLDSKVGGNYNYLYRLFRKSNLKPFERDISTEIYQAGSTPCNGVEGFNCYFPLQSYGFQPTNGVGYQPYRVVVLSFELLHAPATVCGPGSH
7uij,EVQLEESGPEQKKPGETVMMSCKASGYTFTDHSMHWVKQAPGKGLKWMGWINTETGEPTCADDFKGRFALSLETSSRTAFLQINNLKNEDTAIYFCIGRWGYYVYWGQGTTLVVSS,DIQMTQSPASLSVSVGESVTIICRASENINSNLAWYQQKQGKPPQLLVYAATNLAGGVPSRFSGSGSGTQYSLKINSLQSEDFGTYYCQHVWGSPWTFGGGTKLEIK,TEISKKITDSNAVLLAVKEVEALLSSIDEIAAKAIGKKIHQNNGLDTENNHNGSLLAGAYAISTLIKQKLDGLKNEGLKEKIDAAKKCSETFTNKLKEKHTDLGKEGVTDADAKEAILKTNGTKTKGAEELGKLFESVEVLSKAAKEMLANSVKELTS
7ul0,QVQLVQSGAEVKKPGASVKVSCKASGYTFSSYGISWVRQAPGQGLEWMGWISPYNGNTKYPQKFQGRVTMTTDTSTNTAYMELRSLRSDDTAVYYCARDLELGGGFDYWGQGTLVTVSS,QSALTQPASVSGSPGQSITISCTGTSSDVGSYNLVSWYQQHPDKAPKFMIYEGTKRPSGVSNRFSGSKSGNTASLTISGLQAEDEADYYCCSYAGNSTWVFGGGTKLTVL,NLCPFGEVFNATRFASVYAWNRKRISNCVADYSVLYNSASFSTFKCYGVSPTKLNDLCFTNVYADSFVIRGDEVRQIAPGQTGKIADYNYKLPDDFTGCVIAWNSNNLDSKVGGNYNYLYRLFRKSNLKPFERDISTEIYQAGSTPCNGVEGFNCYFPLQSYGFQPTNGVGYQPYRVVVLSFELLHAPATVCGP
7ul1,EVQLVESGGGLVQPGGSLRLSCAASGITVSSNYMTWVRQAPGKGLEWVSVIYSGGSTFYADSVRGRFTISRDNSKNTLYLQMNSLRAEDTAVYYCARDLEMAGAFDIWGQGTMVTVSS,EIVLTQSPGTLSLSPGERATLSCRASQSVSSSYLAWYQQKPGQAPRLLIYGASSRATGIPDRFSGSGSGTDFTLTISRLEPEDSAVYYCQQYGSSYTFGQGTKLEIK,NLCPFGEVFNATRFASVYAWNRKRISNCVADYSVLYNSASFSTFKCYGVSPTKLNDLCFTNVYADSFVIRGDEVRQIAPGQTGKIADYNYKLPDDFTGCVIAWNSNNLDSKVGGNYNYLYRLFRKSNLKPFERDISTEIYQAGSTPCNGVEGFNCYFPLQSYGFQPTNGVGYQPYRVVVLSFELLHAPATVCGPKK
7uvh,EVQLVESGGGLVKPGGSLRLSCAASGFAFSTYAMSWVRQAPGKGLEWVSSISESSSYTYYTDSVKGRFTISRDNAKKSLFLHMNSLRAEDTAVYYCARSDGLSMIAAPFDYWGQGARVTVSS,EIVLTQSPATLSLSPGERATLSCRTSQSLSISLVWYQQKPGQAPRLLISDASNRAPGIPARFSASGSGTDFTLTISSLEPEDFAVYYCQQRSNWPPITFGQGTRLEMK,TESGDTAVSEDSYDKYASQNTNKEYVCDFTDQLKPTESGPKVKKCEVKVNEPLIKVKIICPLKGSVEKLYDNIEYVPKKSPYVVLTKEETKLKEKLLSKLIYGLLISPTVNEKENNFKEGVIEFTLPPVVHKATVFYFICDNSKTEDDNKKGNRGIVEVYVEPYG
7uvi,DVQLVESGGGLVKPGGSLRLSCAASGFTFNSYTMNWVRQAPGKGLEWVSSISTNIRYIYYADSVKGRFTISRDNAKNSLFLQMDSLRAEDTAVYYCATIAGPLSLKGDFFFDSWGQGTLVTVSP,EIVMTQSPATLSVSPGERATLSCRASQSVSSSLAWYQQKPGQAPRLLIHGASTRATGIPTRFSGSGSGTEFTLTISSLQSEDFAVYYCQQYANWPPWTFGQGTKVESK,DSYDKYASQNTNKEYVCDFTDQLKPTESGPKVKKCEVKVNEPLIKVKIICPLKGSVEKLYDNIEYVPKKSPYVVLTKEETKLKEKLLSKLIYGLLISPTVNEKENNFKEGVIEFTLPPVVHKATVFYFICDNSKTEDDNKKGNRGIVEVYVEPYGGSLKENLYFQGWSHP
7uvs,QVQLVQSGAEVKKPGSSVKVSCKASGGTFNSYGISWVRQAPGQGLEWVGGIIPSFGTADYAQKFQGRVTFTTDTSTSTAYMEVSSLRSEDTAVYYCAGSSWSSGTYYGRSAYWGQGTLVTVSS,EIVMTQSPASLALSLGERATINCKSSQSVLYSSNNKNYLAWYQQKPGQPPKLLIYWASTRESGVPDRFSGSGSGTDFTLTISSLQAGDVAVYHCQQYYSTPYSFGQGTKLEIK,GVDELDKIDLSYETTESGDTAVSEDSYDKYASQNTNKEYVCDFTDQLKPTESGPKVKKCEVKVNEPLIKVKIICPLKGSVEKLYDNIEYVPKKSPYVVLTKEETKLKEKLLSKLIYGLLISPTVNEKENNFKEGVIEFTLPPVVHKATVFYFICDNSKTEDDNKKGNRGIVEVYVEPYGG
7uxl,QVHLVESGGGVVQPGRSLRLSCAASGFTFRSYGMHWVRLAPGKGLEWVTAIWYDGSKKHFADSVKGRFTISRDNSKNTLYLQMSSLRVEDTAVYYCARDFAHGAFYPVDWGRGTLVTVSS,SYELTQPPSVSVSPGQTARITCSGDALPKKHAYWYQQKSGQAPVLVIYDDSKRPSGIPERFSGSSSGTMATLSISGAQVEDEAAYYCYSSDTSANYWVFGGGTKLTVL,KKVIHGCNFSSNVSSKYTFTDSLDISLVDDSAHISCNVHLSEPKYNHLVGLNCPGDIIPDCFFQVYQPESEELEPSNIVYLDSQINIGDIEYYEDAEGDDKIKLFLIVGSVPKTTSFTCICKKDKKSAYMTVTIDSAG
7uzc,QVQLQQPGAELVKPGASVKMSCKASGYTFITYWITWVKQRPGQGLEWIGDIYPGGGRTNYNEKFKSKATLTVDTSSSTAYMQLRSLTSEDSAVYYCARYDGNYVGYYYAMDYWGQGTSVTVSS,DIVLTQSPVSLAVSLGQRATISCRASESVDFYGNSFIYWYQQKPGQAPKLLIYRASNLESGIPARFSGSGSRTDFTLTIHPVEADDVATYYCQQSIEDPRTFGGGTKLEIK,TNLCPFGEVFNATRFASVYAWNRKRISNCVADYSVLYNSASFSTFKCYGVSPTKLNDLCFTNVYADSFVIRGDEVRQIAPGQTGKIADYNYKLPDDFTGCVIAWNSNNLDSKVGGNYNYLYRLFRKSNLKPFERDISTEIYQAGSTPCNGVEGFNCYFPLQSYGFQPTNGVGYQPYRVVVLSFELLHAPATVCGPK
7uzd,QVQLQQSGPELVKPGASVKISCKASGYVFSTSWMSWVKQRPGEGPEWIGRIYPRDGHSSSTGKFKDKATLTADKSSNTAYIHLSSLTSEDSAVYFCARDYGYYYFDYWGQGTTLTVSS,DIQMTQSPASLSASVGEAVTITCRLSENVYSFLAWYQQKQGKSPQLLVYRAKTLAEGVPSRFSGSGSGTQFSLKINSLQPEDFGTYYCQHHYGTPPTFGGGTKLEIK,TNLCPFGEVFNATRFASVYAWNRKRISNCVADYSVLYNSASFSTFKCYGVSPTKLNDLCFTNVYADSFVIRGDEVRQIAPGQTGKIADYNYKLPDDFTGCVIAWNSNNLDSKVGGNYNYLYRLFRKSNLKPFERDISTEIYQAGSTPCNGVEGFNCYFPLQSYGFQPTNGVGYQPYRVVVLSFELLHAPATVCGPKKST
7wn2,QVQMVESGGGLVRPGGSLRLSCAASGFTFSDYYMSWIRQAPGKGLEWISYISSSGSSMNYADSVKGRFTISRDNAKNSLFLQMNSLRAEDTAVYYCAREFDLTKIIMVPPYWGQGTLVTVSS,AIQLTQSPSSLSASVGDRVTITCRASQGISSYLAWYQQKPGKAPKVLIYAASTLQSGVPSRFSGSGSGTDFTLTISSLQPEDFATYYCQQLKSYPLTFGGGTKVEIT,TNLCPFGEVFNATRFASVYAWNRKRISNCVADYSVLYNSASFSTFKCYGVSPTKLNDLCFTNVYADSFVIRGDEVRQIAPGQTGKIADYNYKLPDDFTGCVIAWNSNNLDSKVGGNYNYLYRLFRKSNLKPFERDISTEIYQAGSTPCNGVEGFNCYFPLQSYGFQPTNGVGYQPYRVVVLSFELLHAPATVCGPKK
7wn8,QVQLVQSGAEVKKPGASVKVSCKASGYTFTSYGISWVRQAPGQGLEWMGWISAYNGNTNYAQKLQGRVTMTTDTSTSTAYMELRSLRSDDTAVYYCARGTVYFDYWGQGTLVTVSS,EIVLTQSPATLSLSPGERATLSCRASQSLSRNHLAWYQQKPGQPPRLLIHWASTRESGVPDRFSGSGSGTDFTLTISSLQAEDVAVYYCQQHTQNTWTFGQGTKVEIK,QLLFNKTKSVTVVIPCFVTNMEAQNTTEVYVKWKFKGRDIYTFDGALNKSTVPTDFSSAKIEVSQLLKGDASLKMDKSDAVSHTGNYTCEVTELTREGETIIEL
7x2h,QVQLVESGGGVVQPGRSLRLSCASSGFTFSTYHMHWVRQPPGKGLEWVAFISYDGSNYYYSDSVKGRFTISRDNSKNTVYLQMNSLRAEDTALYYCARDSSGWHWGVPFDYWGQGTLVTVSS,IVLTQSPSSLSASVQDRVTITCRASQVISNYLAWFQQKPGKAPKLLIYAASNLQSGVPSRFRGSGSGTDFTLTISSLQPEDFATYYCQQYNIYPLTFGGGTKVDIK,NLCPFGEVFNATRFASVYAWNRKRISNCVADYSVLYNSASFSTFKCYGVSPTKLNDLCFTNVYADSFVIRGDEVRQIAPGQTGKIADYNYKLPDDFTGCVIAWNSNNLDSKVGGNYNYLYRLFRKSNLKPFERDISTEIYQAFPLQSYGFQPTNGVGYQPYRVVVLSFEATVCGPK
7x8p,EVQLVESGGGLVQPGGSLRLSCAASGFTFSSFNMFWVRQAPGKGLEWVAGIDDDGSYPNYGSAVKGRATISRDNSKNTLYLQMNSLRAEDTAVYYCAKSGGWALGGLITLRWIDAWGQGTLVTVSS,ELTQPPSVSVSPGQTARITCSGDGSIYRVFSYGWYQQKPGQAPVTLIYLNNKRPSGIPERFSGSLSGSTNTLTISGVQAEDEADYYCGSFGNAPLAFGGGTKLTVL,GFCQPISIPLCTDIAYNQTIMPNLLGHTNQEDAGLEVHQFYPLVKVQCSPELRFFLCSMYAPVCTVLEQAIPPCRSICERARQGCEALMNKFGFQWPERLRCEHFPRHGAEQICVGQ
7x8q,EVQLVESGGGLVQPGGSLRLSCAASGFPIRGSSIHWVRQAPGKGLEWVAATYGWPGSITYADSVKGRFTISADTSKNTAYLQMNSLRAEDTAVYYCARRHTYPLWALDYWGQGTLVTVSS,QSPSSLSASVGDRVTITCRASQSVSSAVAWYQQKPGKAPKLLIYSASSLYSGVPSRFSGSRSGTDFTLTISSLQPEDFATYYCQQGWPFFTFGQGTKVEIK,KCQPIEIPMCKDIGYQMTRMPNLMGHENQREAAIQLHEFAPLVEYGCHGHLRFFLCSLYAPMCTEQVSTPIPACRVMCEQARLKCSPIMEQFNFKWPDSLDCRKLPNKNDPNYLCMEAP
7x8t,EVQLVESGGGLVQPGGSLRLSCAASGFTFSSFNMFWVRQAPGKGLEWVAGIDDDGSYPNYGSAVKGRATISRDNSKNTLYLQMNSLRAEDTAVYYCAKSGYGGSWGGYIADDIDAWGQGTLVTVSS,ELTQPPSVSVSPGQTARITCSGDGSYAGSYYYGWYQQKPGQAPVTLIYYNNKRPSGIPERFSGSLSGSTNTLTISGVQAEDEADYYCGSADNSGAAFGGGTKLTVL,KCQPIEIPMCKDIGYQMTRMPNLMGHENQREAAIQLHEFAPLVEYGCHGHLRFFLCSLYAPMCTEQVSTPIPACRVMCEQARLKCSPIMEQFNFKWPDSLDCRKLPNKNDPNYLCMEAP
7xeg,EVQLVESGGGLVQPGGSLRLSCAASGFTVGWNYMSWVRQAPGKGLEWVSVIYPGGTTFYADSVKGRFTISRDNSMNTLFLQMNSLRAEDTAVYYCARVLPMYGDYLDYWGQGTLVTVSS,DIVMTQSPSSLSASVGDRVTITCRASQNIERYLNWYQQKPGKAPKLLIYAASSLQSGVPSRFSGSGSGTDFTLTISSLQPEDFATYYCQQSASSTPEYTFGQGTKLEIK,TNLCPFGEVFNATRFASVYAWNRKRISNCVADYSVLYNSASFSTFKCYGVSPTKLNDLCFTNVYADSFVIRGDEVRQIAPGQTGNIADYNYKLPDDFTGCVIAWNSNNLDSKVGGNYNYLYRLFRKSNLKPFERDISTEIYQAGSTPCNGVKGFNCYFPLQSYGFQPTYGVGYQPYRVVVLSFELLHAPATVCGPK
7xik,EVQLVESGGGLVQPGGSLRLSCAASGFIVGWNYMSWVRQAPGKGLEWVSVIYPGGSTYYADSVKGRFTISRHNSKNTLYLQMNSLRAEDTAVYYCAREAYGMDVWGQGTTVTVSS,DIVMTQSPSFLSASVGDRVTITCRASQGIPSSYLAWYQQKPGKAPKLLIYAASTLQSGVPSRFSGSGSGTEFTLTISSLQPEDFATYYCQQLNSYPPYTFGQGTKLEIK,NLCPFDEVFNATRFASVYAWNRKRISNCVADYSVLYNLAPFFTFKCYGVSPTKLNDLCFTNVYADSFVIRGDEVRQIAPGQTGNIADYNYKLPDDFTGCVIAWNSNKLDSKVSGNYNYLYRLFRKSNLKPFERDISTEIYQAGNKPCNGVAGFNCYFPLRSYSFRPTYGVGHQPYRVVVLSFELLHAPATVCGPK
7xil,EVQLVESGGGLVQPGGSLRLSCAASGFIVGWNYMSWVRQAPGKGLEWVSVIYPGGSTYYADSVKGRFTISRHNSKNTLYLQMNSLRAEDTAVYYCAREAYGMDVWGQGTTVTVSS,DIVMTQSPSFLSASVGDRVTITCRASQGIPSSYLAWYQQKPGKAPKLLIYAASTLQSGVPSRFSGSGSGTEFTLTISSLQPEDFATYYCQQLNSYPPYTFGQGTKLEIK,TNLCPFGEVFNATRFASVYAWNRKRISNCVADYSVLYNSASFSTFKCYGVSPTKLNDLCFTNVYADSFVIRGDEVRQIAPGQTGNIADYNYKLPDDFTGCVIAWNSNNLDSKVGGNYNYLYRLFRKSNLKPFERDISTEIYQAGSTPCNGVKGFNCYFPLQSYGFQPTYGVGYQPYRVVVLSFELPATVCGPK
7xjf,EVQLVQSGAEVKKPGASVKVSCKASGYKFTNYVMSWVRQAPGQRLEWMGYINPYNDAIKYNEKFTGRVTITRDTSASTAYMELSSLRSEDTAVYYCAREGDFYANYGRLGFAYWGQGTLVTVSS,DIQMTQSPSSLSASVGDRVTITCRASQDISNYLNWYQQKPGKAPKLLLYYTSRLHSGVPSRFSGSGSGTDYTLTISSLQPEDFATYFCQQGAGFPYTFGGGTKVEIK,QLLFNKTKSVEFTFGNDTVVIPCFVTNMEAQNTTEVYVKWKFKGRDIYTFDGALNKSTVPTDFSSAKIEVSQLLKGDASLKMDKSDAVSHTGNYTCEVTELTREGETIIELKYRVV
7xnf,EVQLVESGGGLVQPGGSLRLSCAASGITVSSNYMNWVRQAPGKGLEWVSLIYSGGSTYYADSVKGRFTISRDNSKNTLYLQMNSLRAEDTAVYHCARDLVVYGMDVWGQGTTVTVSS,EIVLTQSPGTLSLSPGERATLSCRASQSVSSSYLAWYQQKPGQAPRLLIYGASSRATGIPDRFSGSGSGTDFTLTISRLEPEDFAVYYCQQYGSSPTFGQGTKLEIK,CPFGEVFSKFASVYAWNRKRISNCFSTFKCYGFTNVYADSFVVKGDEVRQIAPGQTGVIADYNYKLPDDFTGCVIAWNSVKQYLYRLFRKSKLKPFERDISTEIYQAGSTPCNGQVGLNCYYPLERYPTTGVNYQPFRVVVLSFELLNGPATV
7xrz,QIQLQQSGPELVKPGASVKISCKASGYTFTDFYINWMKQRPGQGLEWIGWIFPGSGNTHYNEKFKGKATLIVDTSSSTAFMQLNSLTSEDSAVYFCTRPVSYYYDFDYWGQGTTLTVSS,DIVLTQSPATLSVTPGDRVSLSCRASQSVSNYLHWYQQKSHESPRLLIKYASQSISGIPSRFSGSGSGTDFTLSINSVETEDFGMYFCQQSNSWPLTFGAGTKLELR,DLEDNWETLNDNLKVIEKADNAAQVKDALTKMRAAALDAQKATPPKLEDKSPDSPEMKDFRHGFDILVGQIDDALKLANEGKVKEAQAAAEQLKTTRNAYIQKY
7xs8,VQLVESGGGLIQPGGSLRLSCAASGITVSSNYMTWVRQPPGKGLEWVSVIYSGGSTFYADPVKGRFTISRDNSRNTLYLQMNSLRAEDTAVYYCARDLQVYGMDVWGQGTTVTVSS,IQLTQSPSFLSASVGDRVTITCRASQGISNFLAWYQQKPKAPKLLIYAASTLQGGVPSTFSGSGSGTEFTLTISSLQPEDFATYYCQHLNDYPLFGGGTRVEIK,NLCPFGEVFNATRFASVYAWNRKRISNCVADYSVLYNSASFSTFKCYGVSPTLCFTNVYADSFVIRGDEVRQIAPGQTGKIADYNYKLPDDFTGCVIAWNSNNLDSKVGGNYNYLYRLFRKSNLKPFERDISTEIYQAGSTPCNGVEGFNCYFPLQSYGFQPTNGVGYQPYRVVVLSFETVCGP
7xsa,ITLKESGPTLVKPTQTLTLTCTFSGFSLSTSGVGVGWIRQPPGKALEWLALIYWDDDKRYSPSLKSRLTITKDTSKNQVVLTMTNMDPVDTATYYCARHRIGYIFDYWGQGTLVTVSS,ALTQPASVSGSPGQSITISCTGTSSDVGDFNYVSWYQQHPGKAPKLMIYDVTKRPSGVSNRFSGSKSGNTASLTISGLQAEDEADYCCSSYTTSSISFGGGTKLTVL,TNLCPFGEVFNATRFASVYAWNRKRISNCVADYSVLYNSASFSTFKCYGVSPTKLNDLCFTNVYADSFVIRGDEVRQIAPGQTGNIADYNYKLPDDFTGCVIAWNSNNLDSKVGGNYNYLYRLFRKSNLKPFERDISTEIYQAGSTPCNCYFPLQSYGFQPTYGVGYQPYRVVVLSFELLHAPATVCG
7xsc,VQLVESGGGLIQPGGSLRLSCVVSGFTVSSNYMSWIRQAPGKGLEWVSVIYSGGSTFYADSVKGRFTISRDSSQNTLYLQMNSLRAEDTAVYYCARHPYGDHAWGQGTLVTVSS,DIQMTQSPSPLSASVGDRVTITCQASQDIRNFLNWYQQKPGKAPKLLIHDASKLEAGVPSRFSGSGSGTDFTFTISSLQPEDIATYYCQQYDNLPLTFGGGTKVEIK,NLCPFGEVFNATRFASVYAWNRKRISNCVADYSVLYNSASFSTFKCYGVSPTKLNDLCFTNVYADSFVIRGDEVRQIAPGQTGKIADYNYKLPDDFTGCVIAWNSNNLDSKVGGNYNYLYRLFRKSNLKPFERDISTEIYQAGSTPCNGVEGFNCYFPLQSYGFQPTNGVGYQPYRVVVLSFELLHAPATVCG
7yck,EVQLVESGGGVVQPGRSLRLSCAASGFTFSSYGMHWVRQAPGKGLEWVAVISYDGSNKYYADSVKGRFTISRDNSKNTLYLQMNSLRAEDTAVYYCANGFGEYYYYAMDVWGQGTTVTVS,NFMLTQPHSVSESPGKTVTISCTGSSGSIASNYVQWYQRRPGSAPTTVIYEDNQRPSGVPDRFSASIDSSSNSASLTISGLKTEDEADYYCQSYDSSNWVFGGGTKLTV,TNLCPFGEVFNATRFASVYAWNRKRISNCVADYSVLYNSASFSTFKCYGVSPTKLNDLCFTNVYADSFVIRGDEVRQIAPGQTGKIADYNYKLPDDFTGCVIAWNSNNLDSKVGGNYNYLYRLFRKSNLKPFERDISTEIYQAGSTPCNGVEGFNCYFPLQSYGFQPTNGVGYQPYRVVVLSFELLHAPATVCGPKKSH
7ycl,QVQLVQSGAEVKKPGESLRISCKGSGYSFTNYWISWVRQMPGKGLEWMGRIDPSDSYINYSPSFQGHATISADKSISTAYLQWGSLKASDTAMYYCARGRNYLDSRGRFDYWGQGTLVTVSS,DIVMTQSPSSLSASVGDRVTITCQASQDISNYLNWYQQKSGKAPKLLIYDASNLETGVPSRFSGSGSGTDFTFTISSLQPEDIATYYCQQYDSLGFTFGPGTKVEIR,NLCPFGEVFNATRFASVYAWNRKRISNCVADYSVLYNSASFSTFKCYGVSPTKLNDLCFTNVYADSFVIRGDEVRQIAPGQTGKIADYNYKLPDDFTGCVIAWNSNNLDSKVGGNYNYLYRLFRKSNLKPFERDISTEIYQAGSTPCNGVEGFNCYFPLQSYGFQPTNGVGYQPYRVVVLSFELLHAPATVCGP
7ycn,QVQLVEWGAGLLKPSETLSLTCAVYGGSFSGYYWSWIRQPPGKGLEWIGLINHSGSTNYNPSLKSRVTISLDTSKNQFSLKLTSVTAADTAVYYCARGLGIFGVVTLSDVWGQGTTVTVSS,NFMLTQPHSVSESPGKTVTISCTGSSGSIASNYVQWYQQRPGSAPTTVIYEDNQRPSGVPDRFSGSIDSSSNSASLTISGLRTEDEADYYCQSYDSGIWVFGGGTKLTVL,NLCPFGEVFNATRFASVYAWNRKRISNCVADYSVLYNSASFSTFKCYGVSPTKLNDLCFTNVYADSFVIRGDEVRQIAPGQTGKIADYNYKLPDDFTGCVIAWNSNNLDSKVGGNYNYLYRLFRKSNLKPFERDISTEIYQAGSTPCNGVEGFNCYFPLQSYGFQPTNGVGYQPYRVVVLSFELLHAPATVCGP
7yru,EVQLVESGGGLVQPGRSLKLSCLASGSTFSNYGMKWIRQAPGKGLEWVASISRSSTYIYYADTVKGRFTISRDNARNTLYLQMTSLRSEDTALYYCAAAISTPFYWYFDFWGPGTVVTVSS,EIVLTQSPTTMAASPGEKVTLNCLASSSVSYMTWYQQKSGASPKLWIYGTSNLASGVPNRFSGSGSGTSYSLAISSMEAEDVATYYCLHLTSYPPYTFGAGTKLELK,KLYMCVCEGLSCGNEDHCEGQQCFSSLSINDGFHVYQKGCFQVYEQGKMTCKTPPSPGQAVECCQGDWCNRNITAQLP
7yxu,EVQLLESGGGLVQPGGSLRLSCAASGFTFSYGSMYWVRQAPGKGLEWVSSISSGSGSTYYADSVKGRFTISRDNSKNTLYLQMNSLRAEDTAVYYCARSSYYGSYYSIDYWGQGTLVTVSS,DIQMTQSPSSLSASVGDRVTITCRASQSISSYLNWYQQKPGKAPKLLIYAASSLQSGVPSRFSGSGSGTDFTLTISSLQPEDFATYYCQQYYDNLPTFGQGTKLEIK,DPCSNCPAGTFCDNNRNQICSPCPPNSFSSAGGQRTCDICRQCKGVFRTRKECSSTSNAECDCTPGFHCLGAGCSMCEQDCKQGQELTKKGCKDCSFGTFNDQKRGICRPWTDCSLDGKSVLVQGTKERDVVCGP
7z2m,EVQLVQSGAEVKKPGESLKISCKGSGYSFTSYWIGWVRQMPGKGLEWMGIIYPSDSDTRYSPSFQGQVTISADKSISTAYLQWSSLKASDTAMYYCARYPNYGAFDIWGQGTMVTVSS,EIVLTQSPATLSLSPGERATLSCRASQSVFSYLAWYQQKPGQAPRLLIYDASNRATGIPARFSGSGSGTDFTLTISSLEPEDFAVYYCQQYFYWGWPFGQGTKLEIK,PRTVMVNLNIHSSDYYNRSTSPWNLHRNEDPERYPSVIWEAKCRHLGCINADGNVDYHMNSVPIQQEILVLRREPPHSPNSFRLEKILVSVGCTCVTPIVHHV
7zqt,QVQLVQSGGGIGQPGGSLRLACEASGFTFNLFEMAWVRQAPGQSLEVISYIGSSGSTTRYADSVKGRFIVSRDNDKESMFLQLNSLRVDDTATYFCARLNGWAGSGLDHWGQGTLVAVSS,DIQMTQSPSSLSASVGDRVTITCRASQSISSYLNWYQQKPGKAPKLLIYAASSLQSGVPSRFSGSGSGTDFTLTISSLQPEDFATYYCQQSYSTLWTFGQGTKVEIK,NLSKLLTRYSTLNTLIKLSADPSAINAARENLGASAKNLIGDTKNSPAYQAVLLAINAAVGFWNVLGYATQCGGNANGQESTSSTTIFNNEPGYRSTSITCSLNRYKPGYYGPMSIENFKKLNEAYQILQTALNKGLPALKENNGTVSVTYTYTCSGEGNDNCSKKATGVSDQNGGTKTKTQTIDGKTVTTTISSKVVDSQAKGNTTRVSYTEITNKLDGVPDSAQALLAQASTLINTINTACPYFSVTNKSGGPQMEPTRGKLCGFTEEISAIQKMITDAQELVNQTSVINEHEQSTPVGPFNPFTDASFAQGMLANASAQAKMLNLAHQVGQTINPDNLTGTFKNFVTGFLATCNNKSPPGTVTTQTFASGCAYVEQTITNLNNSIAHFGTQEQQIQQAENIADTLVNFGS
8ahn,EVQLVESGGGLVQPGGSLRLSCAASGFTFSTYEMNWVRQAPGKGLEWISYIRSSGSTVYYADSVKGRFTISRDNAKNLLYLQMNSLRAGDTAVYYCARIPGGYTGYFDYWGQGALVTVSS,SVLTQPPSVSGAPGQRVTISCTGSSSNIGAGYYVHWYQQLPGTVPKLLIYGNNNRPSGVPDRFSGSKSGTSASLAITGLQTEDEADYYCQSYDSSLSGWVFGGGTKLTVL,NLYELKIECPHTVGLGQGYVTGSVETTPILLTQVADLKIESSCNFDLHVPATTTQKYNQVDWTKGGSGFEAKTKEVNLKGTCNIPPTTFEAAYKSRKTVICYDLACNQTHCLPTVHLIAPVQTCMSVRSCMIGLLSSRIQVIYEKTYCVTGQLIEGLCFIPTDTMTLPVTCFLVAKKELEKLITGVSCTENSFQGYYICFIGKHSEPLFVPTMEDYRSAELFTRMVLNPRGEDHLMRIAGPVTAKVPSTETTETMQGIAFAGAPMYSSFSTLVRKADPEYVFSPGIIAESNHSVCDKKTVPLTWTGFLAVSGEI
8ath,QLVQSGAEVKKPGSSVKVSCKASGYIFTNYNIHWVKKSPGQGLEWIGAIYPGNGDAPYSQKFQGKATLTADTSTSTTYMELSSLRSEDTAVYYCVRANWDVAFAYWGQGTLVTVSS,DIQMTQSPSSLSASVGDRVTITCKASQDIDRYMAWYQDKPGKAPRLLIHDTSTLQSGVPSRFSGSGSGRDYTLTISNLEPEDFATYYCLQYDNLWTFGGGTKVEIK,MAMFMVKNGNGTACIMANFSAAFSVNYDTKSGPKNMTFDLPSDATVVLNRSSCGPSLVIAFGRGHTLTLNFTRNATRYSVQLMSFVYNLSDTHLFPNASSKEIKTVESITDIRADIDKKYRCVSGTQVHMNNVTVTLHDATIQAYLSNSSFSRGETRCEQDR
8bbo,QVQLVESGPGRVKPSQTLSLTCTVSGDSINSGINYWNWIRQPAGKELEWIGRIFTSGTTHYNPSLKSRVTISVDRSKNEFSLTLNSVTAADTAVYFCGRGGTDDYVDYWGQGTLVTVSS,AIQMTQSPSTLSASVGDRVTITCRASQDINSWLAWYQQKPGKAPKLLIYDASSLHSGVPTRFSGSGSGTEFTLTISSLQPDDFASYYCQQYKSYRTFGRGTKVEIK,LCPFGEVFNATRFASVYAWNRKRISNCVADYSVLYNSASFSTFKCYGVSPTKLNDLCFTNVYADSFVIRGDEVRQIAPGQTGKIADYNYKLPDDFTGCVIAWNSNNLDSKVGGNYNYRYRLFRKSNLKPFERDISTEIYQAGSKPCNGVEGFNCYFPLQSYGFQPTNGVGYQPYRVVVLSF
8be1,QVQLQQSGAELARPGASVKLSCKASGYTFISNGISWVKQRTGQGLEWIGEIYPRNGNTYYNEKFKGKATLTADKSSSTAYMELRSLTSEDSAVFFCARDYYYGSFDYWGQGTTLTVSS,DIQMTQSPSSLSASLGERVSLTCRASREISGYLTWLQQKPDGTIKRLIYAASTLDSGVPKRFSGSRSGSDYSLTISSLESEDFADYYCLQYASYPWTFGGGTKLEIK,LCPFGEVFNATRFASVYAWNRKRISNCVADYSVLYNSTFKCYGVSPTKLNDLCFTNVYADSFVIRGDEVRQIAPGQTGKIADYNYKLPDDFTGCVIAWNSNNLDSKVGGNYNYLYRLFRKSNLKPFERDISTEIYQAGSTPCNGVEGFNCYFPLQSYGFQPTNGVGYQPYRVVVLSFELPATVCGP
8bse,EVLLVESGGGLIQPGGSLRLSCAASGFTVSSNYMIWVRQAPGKGLEWVSLIYSGGSTFYADSVKGRFIISRDSSKNTLYLQMNSLRAEDTAVYYCAREPYGDKAWGQGTLVTVSS,DIQMTQSPSSLSASVGDRVTITCQASQDINKYLNWYQQKPGKAPKPLISDTSNLQPGVPSRFSGSGAGTDFTLTISSLQPEDIATYYCQQYDNLPITFGQGTRLEIK,LCPFGEVFNATRFASVYAWNRKRISNCVADYSVLYNSSFSTFKCYGVSPTKLNDLCFTNVYADSFVIRGDEVRQIAPGQTGKIADYNYKLPDDFTGCVIAWNSNNLDSKVGGNYNYLYRLFRKSNLKPFERDISTEIYQAGSTPCNGVEGFNCYFPLQSYGFQPTNGVGYQPYRVVVLSFELAPATVCGP
8bsf,EVQLVQSGAEVKKPGDSLKISCKGSGYSFANYWIGWVRQKPGKGLEWMGIIYPGDSDTRYSPSSLGQVSISVDKSISTAYLQWSSLKASDTAMYYCARHPIHGYGSGSLYNPDYWGQGTLVTVSS,SVLTQPPSVSAAPGQKVTISCSGSNSNIGINYVSWYQQLPETAPKLLIYENNQRPSGIPDRFSGSKSGTSATLGITGLQTGDEADYYCGTWDTSLGAYVFGTGTKVTVL,CPFGEVFNATRFASVYAWNRKRISNCVADYSASFSTFKCYGVSPLCFTNVYADSFVIRGDEVRQIAPGQTGNIADYNYKLPDDFTGCVIAWNSNNLDSKVGGNYNYLYRLFRKSNLKPFERDISTEIYQAGSTPCNGVNCYFPLQSYGFQPTYGVGYQPYRVVVLSFELVCG
8c3v,QVQLVESGGGLVKPGGSLRLSCAASGFTFRYAWMNWVRQAPGKGLEWVGRIRSKTDGETTDHAAPVKGRFAISRDDSENTLYLQMNSLKTEDTAVYYCTTDWVRGTLLEHDAYDVWGQGTMVTVSS,DIQMTQSPSSLSASVGDRVTITCRAGQSISTFLNWYQQKPGKAPKLLIYAASSLQSGVPSRFSGSGSGTDFTLTISSLQREDFATYYCQQSYSMSSFGGGTKVEIK,HHHHTNLCPFGEVFNATRFASVYAWNRKRISNCVADYSVLYNSASFSTFKCYGVSPTKLNDLCFTNVYADSFVIRGDEVRQIAPGQTGKIADYNYKLPDDFTGCVIAWNSNNLDSKVGGNYNYRYRLFRKSNLKPFERDISTEIYQAGSKPCNGVEGFNCYFPLQSYGFQPTNGVGYQPYRVVVLSFELLHAPATVC
8cwj,EVQLLESGGGLVQPGGSLRLSCAASGFRISDEDMGWVRQAPGKGLEWVSYIDNAGASTYYADSVKGRFTISRDNSKNTLYLQMNSLRAEDTAVYYCAKSHYANPSFDYWGQGTLVTVSS,DIQMTQSPSSLSASVGDRVTITCRASQDIADYLNWYQQKPGKAPKLLIYYASNLQSGVPSRFSGSGSGTDFTLTISSLQPEDFATYYCQQGLGMPITFGQGTKVEIK,TNLCPFGEVFNATTFASVYAWNRKRISNCVADYSVLYNSTSFSTFKCYGVSPTKLNDLCFTNVYADSFVVRGDEVRQIAPGQTGRIAGYNYKLPDDFTGCVIAWNSNNLDSKVGGNYNYLYRLFRKSNLKPFERDISTEIYQAGSTPCNGVEGFNCYFPLQSYGFHPTNGVGYQPYRVVVLSFELLNAPATVCGPKG
8cwk,EVQLLESGGGLVQPGGSLRLSCAASGFRFDYEDMGWVRQAPGKGLEWVSSIDSHGASTYYADSVKGRFTISRDNSKNTLYLQMNSLRAEDTAVYYCAKYSHSVSYGPFDYWGQGTLVTVSS,DIQMTQSPSSLSASVGDRVTITCRASQYIYDDLNWYQQKPGKAPKLLIYSASSLQSGVPSRFSGSGSGTDFTLTISSLQPEDFATYYCQQAWPYPLTFGQGTKVEIK,TNLCPFGEVFNATRFASVYAWNRKRISNCVADYSVLYNSASFSTFKCYGVSPTKLNDLCFTNVYADSFVIRGDEVRQIAPGQTGKIADYNYKLPDDFTGCVIAWNSNNLDSKVGGNYNYLYRLFRKSNLKPFERDISTEIYQAGSTPCNGVEGFNCYFPLQSYGFQPTNGVGYQPYRVVVLSFELLHAPATVCGPKGSH
8d1t,VQLQQSGAELVRPGASVKLSCTGSGFNIKDTYMHWVKQRPEQGLEWIGRIDPANGNTKYDPKFQGKATMTADTSSNTAYLQLSSLTSEDTAVYYCARPDGYYGDYWGQGTTLTVSS,DIVMTQSQKFMSTSVGDRVSVTCKASQNVGTNVAWYQQKPGQSPKALIYSASYRYSGVPDRFTGSGSGTDFTLTISNVQSEDLAEYFCQQYNSFPLTFGAGTKLELK,LVPGLVNLGNTCFMNSLLQGLSACPAFIRWLEEFTSQYSRDQKEPPSHQYLSLTLLHLLKALSCQEVTDDEVLDASCLLDVLRMYRWQISSFEEQDAHELFHVITSSLEDERDGSGSHWKSQHPFHGRLTSNMVCKHCEHQSPVRFDTFDSLSLSIPAATWGHPLTLDHCLHHFISSESVRDVVCDNCTKIEAKGTLNRTTFVKQLKLGKLPQCLCIHLQRLSWSSHGTPLKRHEHVQFNEDLSMDEYKYHSNASTYLFRLMAVVVHHGDMHSGHFVTYRRSPPSARNPLSTSNQWLWVSDDTVRKASLQEVLSSSAYLLFYERVLEVLF
8db4,EVQLVESGGGVVQPGGSLRLSCVASGFKFQNYGMSWVRQAPGKGLEWVADISGSDESTYYADSVKGRFTISRDTSKNTLHLQMSSPRAEDTALYYCAKATAPAGKYYYYGMDVWGQGTTVTVSS,QSPATLSLSPGEIATLSCRASYLAWYQLKPGQAPRLLIYDASRRAAGIPARFSGSESGTDFTLTISSLEPEDSAVYYCHQRSNWPPVHTFGQGTKLEIK,AARRCQSQLERANLRPCEQHLMQKIQHQERCCNELNEFENNQRCMCEALQQIMENQSDRLQGRQQEQQFKRELRNLPQQCGLRAPQRCDLDVE
8dcm,QIQLVQSGPELKKPGETVKISCKASGYTFTNYGMNWVKQAPGKDLKWMGWMSTYTGEPTYADDFKGRFAFSLETSASTAYLQINNLKNEDMATYFCARRGNYLSFDYWGQGTTLTVSS,DIVMTQSHKFMSTSVGDRVSITCKASQDVSTAVGWYQQKPGQSPKLLIYSASYRYTGVPDRFTGSGSGTDFTFTISSVQAEDLAVYYCQQHYSPPFTFGSGTELEIK,NNGLMGYYFTDEHFKDLKLMAPIKDGNLKFEEKKVDKLLDKDKSDVKSIRWTGRIIPSKDGEYTLSTDRDDVLMQVNTESTISNTLKVNMKKGKEYKVRIELQDKNLGSIDNLSSPNLYWELDGMKKIIPEENLFLRDYSNIEKDDPFIPNNNFFDPKLMSDWEDEDLDTDNDNIPDSYERNGYTIKDLIAVKWEDSFAEQGYKKYVSNYLESNTAGDPYTDYEKASGSFDKAIKTEARDPLVAAYPIVGVGMEKLIISTNEHASTDQGKTVSRATTNSKTESNTAGVSVNVGYQNGFTANVTTNYSHTTDNSTAVQDSNGESWNTGLSINKGESAYINANVRYYNTGTAPMYKVTPTTNLVLDGDTLSTIKAQENQIGNNLSPGDTYPKKGLSPLALNTMDQFSSRLIPINYDQLKKLDAGKQIKLETTQVSGNFGTKNSSGQIVTEGNSWSDYISQIDSISASIILDTENESYERRVTAKNLQDPEDKTPELTIGEAIEKAFGATKKDGLLYFNDIPIDESCVELIFDDNTANKIKDSLKTLSDKKIYNVKLERGMNILIKTPTYFTNFDDYNNYPSTWSNVNTTNQDGLQGSANKLNGETKIKIPMSELKPYKRYVFSGYSKDPLTSNSIIVKIKAKEEKTDYLVPEQGYTKFSYEFETTEKDSSNIEITLIGSGTTYLDNLSITELNSTPE
8dcn,QVQLQQSGAELARPGASVKMSCKASGYTFTSYTMHWVKQRPGQGLEWIGYINPSNDYTSYNQKFKDKATLTADKSSSTAYMQLSSLTSEDSAVYYCARCWGYDPYYFDYWGQGTTLTVSS,DIVMSQSPSLLAVSAGEKVTMSCKSSQSLLNSRTRKNYLAWYQQKPGQSPKVLIYWASTRESGVPDRFTGSGSGTDFTLTISSVQAEDLAVYYCKQSYNLLTFGAGTKLELK,IPTDQEIMDAHKIYFADLNFNPSTGNTYINGMYFAPTQTNKEALDYIQKYRVEATLQYSGFKDIGTKDKEMRNYLGDPNQPKTNYVNLRSYFTGGENIMTYKKLRIYAITPDDRELLVLSV
8djg,EVQLVESGGGLVQPGGSLRLSCAASGFNIYYSSIHWVRQAPGKGLEWVAYISPYSGSTSYADSVKGRFTISADTSKNTAYLQMNSLRAEDTAVYYCARYKYGQGHMGAFDYWGQGTLVTVSS,TQSPSSLSASVGDRVTITCRASSSAVAWYQQKPGKAPKLLIYSASSLYSGVPSRFSGSRSGTDFTLTISSLQPEDFATYYCQQSNTELVTFGQGTKVEIK,VVRRELSCESYPIELRCPGTDVIMIESANYGRTDDKICDSDPAQMENIRCYLPDAYKIMSQRCNNRTQCAVVAGPDVFPDPCPGTYKYLEVQYECVPYH
8dk6,EVQLQQSGAELVKPGASVKLSCTASGFNIKDTYIHWVNQRPEQGLEWIGRIDPANGHTQYDPKFQGKATITADTSSNTAYLQLSSLTSEDTAVYYCATSDYSYALDSWGQGTSVTVSS,DIVMTQSPSSLAMSVGQKVTMSCKSSQSLLNSNNQKNYLAWYQQKPGQSPKLLVYFASTRESGVPDRFIGSGSGTDFTLTISSVQAEDLADYFCQQHYSTPYTFGGGTKLEIR,YPPRQCGVVSAKTVCGPVYCFTPSPVVVGTTDRLGAPTYTWGENETDVFLLNSTRPPLGSWFGCTWMNSSGYTKTCGAPPCTTYLKCGSGPWLTPRCLIDYPYRLWHYPCTVNYTIFKIRMYVGGVEHRLTAACNFTR
8dn6,EVQLVESGGGLVQPGGSLRLSCAASGFNFYYYSIHWVRQAPGKGLEWVASISPYSGYTYYADSVKGRFTISADTSKNTAYLQMNSLRAEDTAVYYCARSYGWATYGLDYWGQGTLVTVSS,DIQMTQSPSSLSASVGDRVTITCRASQSVSSAVAWYQQKPGKAPKLLIYSASSLYSGVPSRFSGSRSGTDFTLTISSLQPEDFATYYCQQHFWELITFGQGTKVEIK,DRFRCINVGLMVQSKPIEMDSDMTDKEKLEYYRSLEKDYKRRIDRARPCLLPAPVYGEVMQMLRDQGKVSARLLQRIRDRVQKWYHDEGYACAQVVNFGNLNTKEVVCEVVEGDITQLVIQFQDKLGNVVEGNTQVPVVRRELPKQLRQGYVFNIEAGKKALSNINSLGLFSNIEVNPRPDEKNEGGIIVEIKLKELE
8dn7,EVQLVESGGGLVQPGGSLRLSCAASGFNFYYSSIHWVRQAPGKGLEWVASISSYYGSTSYADSVKGRFTISADTSKNTAYLQMNSLRAEDTAVYYCARETYYTEFSWSYSWGLDYWGQGTLVTVSS,IQMTQSPSSLSASVGDRVTITCRASQSVSSAVAWYQQKPGKAPKLLIYSASSLYSGVPSRFSGSRSGTDFTLTISSLQPEDFATYYCQQSSIVWEPITFGQGTKVEIK,ADRFRCINVGLMGQSKPVEMDPDMSEKEKIEFFRRQEREYKRRISSARPCLLPTSVHEEIKDMLAEQGRVSARLLQKIRDRVQSWYHEEGYACAQVVNFGNLNTREVVCEVVEGDITK
8dxt,EVQLVQSGGGLVQPGGSLRLSCAASGFTFSSYAMSWVRQAPGKGLEWVLSISGSGGSTYYADSVKGRFTISIDNSKKTVYLQMNSLRAEDTAVYYCAKSGEQQLVQAEYFHHWGQGTLVTVSS,DIQMTQSPSTLSASVGDRVTITCRASQSIGRWLAWYQQKPGKAPKLLIYDASSLESGVPSRFSGSGFGTEFTLTISSLQPDDFATYYCQQCDSLLTFGGGTKLEIK,NLCPFGEVFNATRFASVYAWNRKRISNCVADYSVLYNSASFSTFKCYGVSPTKLNDLCFTNVYADSFVIRGDEVRQIAPGQTGKIADYNYKLPDDFTGCVIAWNSNNLDSKVGGNYNYLYRLFRKSNLKPFERDISTEIYQAGSTPCNGVEGFNCYFPLQSYGFQPTNGVGYQPYRVVVLSFELLHAPATVCGPKG
8dxu,QVQLVQSGAEVKKPGASVKVSCKASGYTFSSYDINWVRQAPGQGLEWMGWMSPNSGNTGYAQKFQGRVTMTRSTSMSTAYMELSSLRSEDTAVYFCARMSSSLTNYLDYWGQGTLVTVSS,SYVLTQPPSVAVAPGQTARIRCGENDIGSKNVHWYQQKSGQAPVLVVYDDSDRPSGIPERFSGSNSGNTATLTISRVEAGDEADYYCQVWDSTGDHPDVVFGGGTKLTVL,TNLCPFGEVFNATRFASVYAWNRKRISNCVADYSVLYNSASFSTFKCYGVSPTKLNDLCFTNVYADSFVIRGDEVRQIAPGQTGKIADYNYKLPDDFTGCVIAWNSNNLDSKVGGNYNYLYRLFRKSNLKPFERDISTEIYQAGSTPCNGVEGFNCYFPLQSYGFQPTNGVGYQPYRVVVLSFELLATVCGPK
8ee0,EVQLVQSGGGLVQPGRSLRLSCTASGFTFGDYAMSWVRQAPGKGLEWVGFIRSKAYGGTTEYAASVKGRFTISRDDSKSIAYLQMNSLKTEDTAVYYCTRGGTLFDYWGQGTLVTVSS,DVVMTQSPLSLPVTPGEPASISCRSSQSLLHSNGYNYLDWYLQKPGQSPQLLIYLGSNRASGVPDRFSGSGSGTDFTLKISRVEAEDVGVYYCMQSLQTPRLTFGPGTKVDIK,ASTDSEKVAEYLRRATLDLRAARQRIRELESEPIAIVGMACRLPGEVDSPERLWELITSGRDSAAEVPDDRGWRAHGNFMAGAGDFDAAFFGISPREALAMDPQQRQALETTWEALESAGIPPETLRGSDTGVFVGMSHQGYATDGYLLTGNTASVASGRIAYVLGLEGPALTVDTACSSSLVALHTACGSLRDGDCGLAVAGGVSVMAGPEVFTEFSRQGALSPDGRCKPFSDEADGFGLGEGSAFVVLQRLSDARREGRRVLGVVAGSAVNQDGASNGLSAPSGVAQQRVIRRAWARAGITGADVAVVEAHGTGTRLGDPVEASALLATYGKSRGSSGPVLLGSVKSNIGHAQAAAGVAGVIKVLLGLERGVVPPMLCRGERSGLIDWSSGEIELADGVREWSPAADGVRRAGVSAFGVSGTNAHVIIAEPPEPEPRRMLPATGVVPVVLSARTGAALRAQAGRLADHLAAHPGIAPADVSWTMARARQHFEERAAVLAADTAEAVHRLRAVADGAVVPGVVTGSASDGGSVFVFPGQGAQWEGMARELLPVPVFAESIAECDAVLSEVAGFSVSEVLEPRPDAPSLERVDVVQPVLFAVMVSLARLWRACGAVPSAVIGHSQGEIAAAVVAGALSLEDGMRVVARRSRAVRAVAGRGSMLSVRGGRSDVEKLLADDLEVAAVNGPDAVVVAGDAQAAREFLEYCEGVGIRARAIPVDYASHTAHVEPVRDELVQALAGITPRRAEVPFFSTLTGDFLDGTELDAGYWYRNLRHPVEFHSAVQALTDQGYATFIEVSPHPVLASSVQETLDDAESDAAVLGTLERDAGDADRFLTALADAHTRGVAVDWEAVLGRAGLVDLPGYPFQGKRFWLLP
8ee1,QVQLQQWGAGLLKPSETLSLTCAVYGGSFSGYYWSWIRQPPGKGLEWIGEINHSGSTNYNPSLKSRVTISVDTSKNQFSLKLSSVTAADTAVYYCARGRGSSSSFDYWGQGTLVTVSS,ETTLTQSPGTLSLSPGERATLSCRASQSVSSYYLAWYQQKPGQAPRLLMYGASNRATGIPDRFSGSGSGTDFTLTIARLEPEDFAVYFCQQYGTSPQTFGQGTNVEIK,ELESEPIAIVGMACRLPGEVDSPERLWELITSGRDSAAEVPDDRGWHGNFMAGAGDFDAAFFGISPREALAMDPQQRQALETTWEALESAGIPPETLRGSDTGVFVGMSHQGYATGRPRPEDGVDGYLLTGNTASVASGRIAYVLGLEGPALTVDTACSSSLVALHTACGSLRDGDCGLAVAGGVSVMAGPEVFTEFSRQGALSPDGRCKPFSDEADGFGLGEGSAFVVLQRLSDARREGRRVLGVVAGSAVNQDGASNGLSAPSGVAQQRVIRRAWARAGITGADVAVVEAHGTGTRLGDPVEASALLATYGKSRGSSGPVLLGSVKSNIGHAQAAAGVAGVIKVLLGLERGVVPPMLCRGERSGLIDWSSGEIELADGVREWSPAADGVRRAGVSAFGVSGTNAHVIIAEPPEPEPVPQPRRMLPATGVVPVVLSARTGAALRAQAGRLADHLAAHPGIAPADVSWTMARARQHFEERAAVLAADTAEAVHRLRAVADGAVVPGVVTGSASDGGSVFVFPGQGAQWEGMARELLPVPVFAESIAECDAVLSEVAGFSVSEVLERVDVVQPVLFAVMVSLARLWRACGAVPSAVIGHSQGEIAAAVVAGALSLEDGMRVVARRSRAVRAVAGRGSMLSVRGGRSDVEWTGRLEVAAVNGPDAVVVAGDAQAAREFLEYCEGIRARAIPVDYASHTAHVEPVRDELVQALAGITPRRAEVPFFSTLTGDFLDGTELDAGYWYRNLRHPVEFHSAVQALTDQGYATFIEVSPHPVLASSVQETLDDAESDAAVLGTLERDAGDADRFLTALADAHTRGVAVDWEAVLGRAGLVDLPGYPFQGKRFWL
8f5n,EVQLQQSGAELVKPGASVKLSCKASGYTFTSFYMYWVKQRPGQGLEWIGGINPSNGGANFNEKFKNKATLTVDKSSSTAYMQLSSLTSEDSAVYYCTRGFYYGHWYFDVWGAGTTVTVSA,DIVMTQTSSLSASLGDRVTISCRASQDISNSLNWYQQKPDGTVKLLIHYTSRLHSGVPSRFSGSGSGTDYSLTISNLEQEDIATYFCQQVNTLPLTFGAGTKLEIK,ETAGVIDGSTLVVKKTFPSYTDDKVLMPKADYTFKVEADDNAKGKTKDGLDIKPGVIDGLENTKTIHYGNSDKTTAKEKSVNFDFANVKFPGVGVYRYTVSEVNGNKAGIAYDSQQWTVDVYVVNREDGGFEAKYIVSTEGGQSDKKPVLFKNFFDTTSLKVTKKVTGNTGEHQRSFSFTLLLTPNECFEKGQVVNILQGGETKKVVIGEEYSFTLKDKESVTLSQLPVGIEYKVTEEDVTKDGYKTSATLKDGDVTDGYNLGDSKTTDKSTDEIVVTNKRD
8f6l,QVQLVQSGAEVKKPGASVKVSCKASGFSLWTYAMNWVRQAPGQGLEWMGIISDDGTTYYATWAKGRVTMTRDTSTSTVYMELSSLRSEDTAVYYCARDAGAGGVQDYLTLWGQGTLVTVSS,DIVMTQSPDSLAVSLGERATINCQASRNIYNFLAWYQQKPGQPPKLLIYSASTLASGVPDRFSGSGSGTDFTLTISSLQAEDVAVYYCQQGSSNSNIDNPFGGGTKVEIK,ESCDVQLYIKRQSEHSILAGDPFELECPVKYCANRPHVTWCKLNGTTCVKLEDRQTSWKEEKNISFFILHFEPVLPNDNGSYRCSANFQSNLIESHSTTLYVTD
8gb6,EVRLVESGGGLVQPGGSLRLSCAASGFTFSDYYISWVRQAPGRGPEWVGFIRNVLYRGTTEYAPSVKGRFIISRDDSRAIASLQMNGLKADDTAVYYCALGASGTDRDWFDVWGPGVLVTVSS,DIQMTQSPSSLSASVGDTVTITCRASQDISNSLAWYQQKPGKAPKALIYYASNLESGVPSRFSGSGSGTDFTLTISSLQPEDFATYYCQQHNNYPFTFGPGTKVDIK,TNLCPFGEVFNATRFASVYAWNRKRISNCVADYSVLYNSASFSTFKCYGVSPTKLNDLCFTNVYADSFVIRGDEVRQIAPGQTGKIADYNYKLPDDFTGCVIAWNSNNLDSKVGGNYNYLYRLFRKSNLKPFERDISTEIYQAGSTPCNGVEGFNCYFPLQSYGFQPTNGVGYQPYRVVVLSFELLHAPATVCGP
8gb7,DVQLVESGGGLVKPGGSLRLSCVASGFTFSNSEMHWVRQAPGKGLEWVSVISESGETTHYADSVKGRFTISRDNANNLLLLQMNSLRADDTAVYYCTRYNWNNRVYALDSWGQGVVVTVSS,EIVLTQSPATLSLSPGEGASLSCRASQTVIGSLAWYQQKPGQAPRLLIYGASSRATGIPDRFSGSGSGTDFTLTISSLEPEDFAVYYCQQYGNWPLTFGPGTRLDIR,LCPFGEVFNATRFASVYAWNRKRISNCVADYSVLYNSASFSTFKCYGVSPTKLNFTNVYADSFVIRGDEVRQIAPGQTGKIADYNYKLPDDFTGCVIAWNSNNLDSKVGGNYNYLYRLFRKSNLKPFERDISTEIYQAGSTPCNGVEGFNCYFPLQSYGFQPTNGVGYQPYRVVVLSFELLHAPA
8gb8,DVQLVESGGGLVKPGGSLRLSCVASGFTFSNSEMHWVRQAPGKGLEWVSVISESGETTHYADSVKGRFTISRDNANNLLLLQMNSLRADDTAVYYCTRYNWNNRVYALDSWGQGVVVTVSS,EIVLTQSPATLSLSPGEGASLSCRASQTVIGSLAWYQQKPGQAPRLLIYGASSRATGIPDRFSGSGSGTDFTLTISSLEPEDFAVYYCQQYGNWPLTFGPGTRLDIR,TNLCPFDEVFNATRFASVYAWNRKRISNCVADYSVLYNFAPFFAFKCYGVSPTKLNDLCFTNVYADSFVIRGNEVSQIAPGQTGNIADYNYKLPDDFTGCVIAWNSNKLDSKVGGNYNYLYRLFRKSNLKPFERDISTEIYQAGNKPCNGVAGFNCYFPLRSYGFRPTYGVGHQPYRVVVLSFELLHAPATVCGP
8hn6,VQLVESGGGLVQPGESLRLSCAASGLTVSSNYMSWVRQAPGKGLEWVSVIYAGGSTFYADSVKGRFTISRDNSKNTLYLQMNSLRAEDMAIYYCARDLSYYGMDVWGQGTTVTVSS,DIQLTQFPFSLSASVGDRVTITCRASQGISTYLAWYQQKPGRAPKLLIYAASTLQSGVPSRFSGSGSGTEFTLTISSLQPEDFATYYCQLLNSYPVHFGQGTKLEIK,TNLCPFGEVFNATRFASVYAWNRKRISNCVADYSVLYNSASFSTFKCYGVSPTKLNDLCFTNVYADSFVIRGDEVRQIAPGQTGKIADYNYKLPDDFTGCVIAWNSNNLDSKVGGNYNYLYRLFRKSNLKPFERDISTEIYQAGSTPCNGVEGFNCYFPLQSYGFQPTNGVGYQPYRVVVLSFELLHAPATVCGP
8hn7,EVQLVESGGGLVQPGGSLRLSCAASGFAFSTYEMNWVRQAPGKGLEWVSYIHNSGNPVYYADSVKGRFTISRDNAENSLYLQMNSLRAEDTAIYYCARALRYSTSWYDYWGQGTLVTVSS,EIVLTQSPVSLSLSPGERATLSCRASQSVSSYLAWYQQKPGQAPRLFIYDASKRATGIPARFSGSGSGTDFTLTISSLEPEDFAVYYCQQRSNWPRTFGQGTKVEIK,TNLCPFGEVFNATRFASVYAWNRKRISNCVADYSVLYNSASFSTFKCYGVSPTKLNDLCFTNVYADSFVIRGDEVRQIAPGQTGKIADYNYKLPDDFTGCVIAWNSNNLDSKVGGNYNYLYRLFRKSNLKPFERDISTEIYQAGSTPCNGVEGFNCYFPLQSYGFQPTNGVGYQPYRVVVLSFELLHAPATVCGP
8hpk,VQLQQSGPELVKPGASVKISCKASVNSFTGYFVNWVKQSHGKSLEWIGRVHPYNGNTFYNQKFKGRVTLTVDRSSTTAHMELLSLTSEDSAVYYCGRRDDYDTMDYWGQGTSVTVSS,DIVMTQSPAIMSASLGERVTMTCTASSSVTSSYLHWYQQRPGSSPKLWIYSTSNLASGVPGRFSGRGSGTSYSLTISSMEAEDAATYYCHQYHRSPPTFGGGTKLEIK,GLLGNRWFYLVLAVLLMCMISGVQYSWTLYANPVKDNLGVSLAAVQTAFTLSQVIQAGSQPGGGYFVDKFGPRIPLMFGGAMVLAGWTFMGMVDSVPALYALYTLAGAGVGIVYGIAMNTANRWFPDKRGLASGFTAAGYGLGVLPFLPLISSVLKVEGVGAAFMYTGLIMGILIILIAFVIRFPGQQIVVTDKDFNSGEMLRTPQFWVLWTAFFSVNFGGLLLVANSVPYGRSLGLAAGVLTIGVSIQNLFNGGCRPFWGFVSDKIGRYKTMSVVFGINAVVLALFPTIAALGDVAFIAMLAIAFFTWGGSYALFPSTNSDIFGTAYSARNYGFFWAAKATASIFGGGLGAAIATNFGWNTAFLITAITSFIAFALATFVIPRMGRPVK
8i5h,EVQLVESGGGLIQPGGSLRLSCAASGFIVSRNYMNWVRQAPGKGLEWVALIYSGGSTFYADSVKGRFTISRDNSKNTLYLQMNSLRAEDTAVYYCARDLVVYGLDYWGQGTLVTVSS,AIQLTQSPSSLSASVGDRVTITCRASQGISSHLAWYQQKPGKAPKLLIFAASTLQSGVPSRFSGSGSGTDFTLTISSLQPEDFATYYCQHLNSNPPITFGQGTRLEIK,NLCPFGEVFNATRFASVYAWNRKRISNCVADYSVLYNSASFSTFKCYGVSPTKLNDLCFTNVYADSFVIRGDEVRQIAPGQTGKIADYNYKLPDDFTGCVIAWNSNNLDSKVGGNYNYRYRLFRKSNLKPFERDISTEIYQAGSKPCNGVEGFNCYFPLQSYGFQPTNGVGYQPYRVVVLSFELLHAPATVCGP
8slb,EVQLVESGGGLVQPGGSLRLSCAASGFNIYYSSIHWVRQAPGKGLEWVASIYSYSGYTSYADSVKGRFTISADTSKNTAYLQMNSLRAEDTAVYYCARSFYVFKRGTKYPYYNYPAMDYWGQGTLVTVFN,DIQMTQSPSSLSASVGDRVTITCRASQSVSSAVAWYQQKPGKAPKLLIYSASSLYSGVPSRFSGSRSGTDFTLTISSLQPEDFATYYCQQSYYKPITFGQGTKVEIK,KKGLPPGTLVYTGKYREDFEIEVMNYSIEEFREFKTTDVESVLPFRDSSTPTWINITGIHRTDVVQRVGEFFGIHPLVLEDILNVHQRPKVEFFENYVFIVLKMFTELESEQVSLILTKNCVLMFQEKIGDVFDPVRERIRYNRGIIRKKRADYLLYSLIDALVDDYFVLLEKIDDEIDVLEEEPEKETVQRTHQLKRNLVELRKTIWPLREVLSSLYRDVPPLIEKETVPYFRDVYDHTIQIADTVE
